{"cameraMode":{"drawMode":0,"name":"Shaded","section":"Shading Mode"},"sceneLighting":false,"audioPlay":false,"sceneViewState":{"showFog":true,"showMaterialUpdate":false,"showSkybox":false,"showFlares":true,"showImageEffects":true,"showParticleSystems":true},"in2DMode":false,"pivot":{"x":-0.5860974788665772,"y":0.41671544313430788,"z":-4.214567184448242},"rotation":{"x":-0.038963742554187778,"y":0.9604106545448303,"z":-0.1765618473291397,"w":-0.21194355189800263},"size":3.4641053676605226,"orthographic":false}